<?xml version="1.0" encoding="UTF-8"?>
<!DOCTYPE mapper
PUBLIC "-//mybatis.org//DTD Mapper 3.0//EN"
"http://mybatis.org/dtd/mybatis-3-mapper.dtd">
<!-- 
	private int no; //시퀀스설정
	private String title;
	private String weiter;
	private String password;
	private String contents;
	private String regdate; //sysdate로 날짜 출력
	private int hit; //update 로 조회수 증가
	private String fileName;
	private int ref;
	private int step;
	private int lev;
	private int pnum;
	private int reply;
            
    -->   
<mapper namespace="sist.com.bean.Board"><!-- 반드시 namespace를 설정 쿼리 날리는곳 -->



	<resultMap type="board" id="selectBoardID">
		<result property="rm" jdbcType="BIGINT" column="rm"/>
		<result property="no" jdbcType="BIGINT" column="no"/>
		<result property="title" jdbcType="VARCHAR" column="subject"/>
		<result property="weiter" jdbcType="VARCHAR" column="weiter"/>
		<result property="password" jdbcType="VARCHAR" column="password"/>
		<result property="contents" jdbcType="VARCHAR" column="contents"/>
		<result property="regdate" jdbcType="VARCHAR" column="regdate"/>
		<result property="hit" jdbcType="BIGINT" column="hit"/>
		<result property="fileName" jdbcType="VARCHAR" column="fileName"/>
	</resultMap>
	
	<select id="selectBoard" resultType="board" resultMap="selectBoardID" parameterType="java.util.HashMap">
<!-- SELECT RM, NO, title, WEITER, PASSWORD, CONTENTS,
REGDATE, HIT, FILENAME,REF,STEP,LEV,REPLY FROM(
SELECT ROWNUM RM, NO, title, WEITER, PASSWORD, CONTENTS,
REGDATE, HIT, FILENAME,REF,STEP,LEV,REPLY
FROM (
SELECT NO, title, WEITER, PASSWORD, CONTENTS,
TO_CHAR(REGDATE,'YYYY/MM/DD')REGDATE, HIT, FILENAME,REF,STEP,LEV,REPLY
FROM BOARD ORDER BY REF DESC, STEP,LEV

		<if test="query!=null">
			WHERE ${query} LIKE '%'|| #{data} ||'%' 컬럼 이 바뀔때 ${} 사용 레퍼런스 사용시
		</if>
		))
		WHERE RM BETWEEN #{start} AND #{end} -->
		
		
		SELECT RM, NO, title, WEITER, PASSWORD, CONTENTS,
REGDATE, HIT, FILENAME FROM(
SELECT ROWNUM RM, NO, title, WEITER, PASSWORD, CONTENTS,
REGDATE, HIT, FILENAME
FROM (
SELECT NO, title, WEITER, PASSWORD, CONTENTS,
TO_CHAR(REGDATE,'YYYY/MM/DD')REGDATE, HIT, FILENAME
FROM BOARD ORDER BY NO))

WHERE RM BETWEEN #{start} AND #{end}

		<!-- <if test="query!=null">
			WHERE ${query} LIKE '%'|| #{data} ||'%' 컬럼 이 바뀔때 ${} 사용 레퍼런스 사용시
		</if> 
		))
		WHERE RM BETWEEN #{start} AND #{end}-->
		
	</select>


	<select id="selectInfoBoard" parameterType="int" resultType="board">
		SELECT NO, TITLE, WEITER, PASSWORD, CONTENTS, TO_CHAR(REGDATE,'YYYY/MM/DD') REGDATE, HIT, FILENAME,REF,STEP,LEV,PNUM,REPLY
		FROM BOARD
		WHERE NO = #{no}
	
	</select>
	
	<select id="getTotalRow" resultType="Integer" parameterType="HashMap"> 
		SELECT COUNT(*) FROM BOARD
		<if test="query!=null">
			WHERE ${query} LIKE '%'|| #{data} ||'%' <!-- 컬럼 이 바뀔때 ${} 사용 레퍼런스 사용시 -->
		</if>
	
	</select>
	
	<update id="updateHit" parameterType="int">
		UPDATE BOARD SET HIT = HIT+1
		WHERE NO= #{VALUE}
	
	</update>
	
	<update id="updateMod" parameterType="board">
		UPDATE BOARD SET TITLE = #{title},WEITER = #{weiter},PASSWORD = #{password}, CONTENTS = #{contents}, FILENAME = #{fileName}
		WHERE NO = #{no}
	</update>

	<!-- <select id="selectBoard" resultType="board" parameterType="java.util.HashMap">
		SELECT ROWNUM RM,NO,TITLE subject, WEITER, PASSWORD, CONTENTS, TO_CHAR(REGDATE,'YYYY/MM/DD') REGDATE, HIT, FILENAME
		FROM BOARD
		<if test="query!=null">
			WHERE ${query} LIKE '%'|| #{data} ||'%' 컬럼 이 바뀔때 ${} 사용 레퍼런스 사용시
		</if>
		ORDER BY NO
		
	
	</select>
 -->
 
 	<select id="getSequence" resultType="Integer">
 		SELECT BOARD_SEQ.NEXTVAL FROM DUAL
 	
 	</select>
 
	<insert id="insertBoard" parameterType="board">
		<!-- INSERT INTO BOARD(NO,TITLE,WEITER,PASSWORD,CONTENTS,REGDATE,HIT,FILENAME) 
		VALUES(BOARD_SEQ.NEXTVAL,#{title},#{weiter},#{password},#{contents},SYSDATE,0,#{fileName}) -->
		
		<!-- <selectKey keyProperty="no" order="BEFORE" resultType="java.lang.Integer"> insert 하기전에 시퀀스 값을 설정
		SELECT BOARD_SEQ.NEXTVAL FROM DUAL
	
		</selectKey> -->
	
		<!-- INSERT INTO BOARD(NO,TITLE,WEITER,PASSWORD,CONTENTS,REGDATE,HIT,FILENAME,REF,STEP,LEV,PNUM,REPLY) 
		VALUES(#{no},#{title},#{weiter},#{password},#{contents},SYSDATE,0,#{fileName},#{ref},#{step},#{lev},#{pnum},0)  --><!-- #{no}는 레퍼런스로 참고함. -->
		
		
		INSERT INTO BOARD(NO,TITLE,WEITER,PASSWORD,CONTENTS,REGDATE,HIT,FILENAME) 
		VALUES(BOARD_SEQ.NEXTVAL,#{title},#{weiter},#{password},#{contents},SYSDATE,0,#{fileName})
	</insert>
	
	
	<select id="getPassWord" parameterType="Integer" resultType="String">
	   SELECT PASSWORD FROM BOARD
	   WHERE NO=#{VALUE}
	</select>
	
	<update id="updateStep" parameterType="board">
		UPDATE BOARD SET
		<choose>
			<when test="job=='reply'">
			 STEP = STEP+1
			</when>
		
		 	<when test="job=='delete'">
		 	STEP = STEP-1 
		 	</when>
		</choose>
		WHERE REF=#{ref} AND STEP > #{step}
	</update>
	
	<update id="updateReply" parameterType="board">
	UPDATE BOARD 
<!-- 	 <if test="job=='reply'">
	SET REPLY = REPLY+1 
	</if>
	
	<if test="job=='delete'">
	SET REPLY = REPLY-1 
	</if>  
	WHERE NO = #{pnum} -->
	 <choose>
		<when test="job=='reply'">
		SET REPLY = REPLY+1 
		</when>
		<when test="job=='delete'">
		SET REPLY = REPLY-1 
		</when>
	</choose>  
	WHERE NO = #{pnum}
	</update>
	
	<delete id="deleteReply" parameterType="board">
		DELETE FROM BOARD WHERE NO = #{no}
	</delete>
	
	
	

	
	<!-- private int no; //시퀀스설정
	private String title;
	private String weiter;
	private String password;
	private String contents;
	private String regdate; //sysdate로 날짜 출력
	private int hit; //update 로 조회수 증가
	private String fileName;
	private int ref; //그룹번호
	private int step; //
	private int lev; //레벨
	private int pnum; //부모번호
	private int reply; //덧글 수 -->
	

</mapper>





